timestamp[ns],x,y,z,qw,qx,qy,qz
0,-0.654038,13.1343,0.751841,-0.116862,0.116862,0.697383,-0.697383
1000000000,-0.820705,12.651,0.751841,-0.289671,0.289671,0.645051,-0.645051
2000000000,-1.27071,12.251,0.751841,-0.398272,0.398272,0.584277,-0.584277
3000000000,-2.03737,12.2343,0.751841,-0.494537,0.494537,0.505404,-0.505404
4000000000,-2.53737,12.4843,0.751841,0.601501,-0.601501,-0.371748,0.371748
5000000000,-3.05404,12.501,0.751841,0.507996,-0.507996,-0.491874,0.491874
6000000000,-3.49154,12.726,0.751841,0.603603,-0.603603,-0.368325,0.368325
7000000000,-3.79848,12.701,0.751841,-0.343743,0.343743,0.617933,-0.617933
8000000000,-4.31237,12.2677,0.751841,-0.238366,0.238366,0.665719,-0.665719
9000000000,-4.50404,12.0343,0.751841,0.539537,-0.539537,-0.457056,0.457056
10000000000,-5.30404,12.1677,0.751841,0.539537,-0.539537,-0.457056,0.457056
11000000000,-5.88737,12.501,0.751841,0.611584,-0.611584,-0.354916,0.354916
12000000000,-5.97071,12.351,0.751841,-0.177372,0.177372,0.684499,-0.684499
13000000000,-6.38737,11.601,0.751841,-0.177372,0.177372,0.684499,-0.684499
14000000000,-6.38737,11.601,0.751841,0.659347,-0.659347,-0.255462,0.255462
15000000000,-6.90404,12.1677,0.751841,0.612718,-0.612718,-0.352954,0.352954
16000000000,-7.22626,12.0343,0.751841,0.392953,-0.392953,-0.587867,0.587867
17000000000,-7.76515,12.0121,0.751841,0.528404,-0.528404,-0.469883,0.469883
18000000000,-7.95404,12.0343,0.751841,0.705895,-0.705895,0.0413805,-0.0413805
19000000000,-7.76515,12.0121,0.751841,-0.469883,0.469883,-0.528404,0.528404
20000000000,-7.22626,12.0343,0.751841,0.587867,-0.587867,0.392953,-0.392953
21000000000,-6.90404,12.1677,0.751841,-0.352954,0.352954,-0.612718,0.612718
22000000000,-6.38737,11.601,0.751841,-0.255462,0.255462,-0.659347,0.659347
23000000000,-6.38737,11.601,0.751841,0.684499,-0.684499,0.177372,-0.177372
24000000000,-5.97071,12.351,0.751841,0.684499,-0.684499,0.177372,-0.177372
25000000000,-5.57737,12.951,0.751841,0.675187,-0.675187,0.210055,-0.210055
26000000000,-5.37071,13.251,0.751841,0.694102,-0.694102,-0.134991,0.134991
27000000000,-5.68737,14.0343,0.751841,0.694102,-0.694102,-0.134991,0.134991
28000000000,-6.15404,14.3343,0.751841,0.620636,-0.620636,-0.338837,0.338837
29000000000,-6.6607,14.841,0.751841,0.653282,-0.653282,-0.270598,0.270598
30000000000,-6.9707,14.9552,0.751841,0.482695,-0.482695,-0.516726,0.516726
31000000000,-7.52071,14.9177,0.751841,-0.244314,0.244314,0.663559,-0.663559
32000000000,-7.90404,14.4677,0.751841,0.46885,-0.46885,-0.52932,0.52932
33000000000,-8.30404,14.7552,0.751841,0.629213,-0.629213,-0.322631,0.322631
34000000000,-8.59571,14.7843,0.751841,0.391134,-0.391134,-0.589079,0.589079
35000000000,-9.19571,14.4927,0.751841,0.319623,-0.319623,-0.630746,0.630746
36000000000,-9.57071,14.2177,0.751841,0.534249,-0.534249,-0.463225,0.463225
37000000000,-9.67071,14.5843,0.785174,0.70085,-0.70085,-0.0938566,0.0938566
38000000000,-9.77071,14.951,0.818507,0.530592,-0.530592,-0.46741,0.46741
39000000000,-9.77071,14.951,0.818507,-0.0938566,0.0938566,-0.70085,0.70085
40000000000,-9.57071,14.2177,0.751841,-0.227028,0.227028,-0.66967,0.66967
41000000000,-9.44571,14.3093,0.751841,0.630746,-0.630746,0.319623,-0.319623
42000000000,-8.91237,14.651,0.751841,0.589079,-0.589079,0.391134,-0.391134
43000000000,-8.43737,14.851,0.751841,-0.424595,0.424595,-0.565437,0.565437
44000000000,-7.90404,14.4677,0.751841,-0.322631,0.322631,-0.629213,0.629213
45000000000,-7.77626,14.6177,0.751841,0.663559,-0.663559,0.244314,-0.244314
46000000000,-7.33737,14.9302,0.751841,0.516726,-0.516726,0.482695,-0.482695
47000000000,-6.78737,14.9677,0.751841,-0.360478,0.360478,-0.608322,0.608322
48000000000,-6.28071,14.461,0.751841,-0.270598,0.270598,-0.653282,0.653282
49000000000,-5.68737,14.0343,0.751841,-0.338837,0.338837,-0.620636,0.620636
50000000000,-5.68737,14.0343,0.751841,0.32015,-0.32015,-0.630479,0.630479
51000000000,-6.12071,13.7177,0.751841,-0.0545057,0.0545057,0.705003,-0.705003
52000000000,-6.12071,13.7177,0.751841,0.555907,-0.555907,0.436998,-0.436998
53000000000,-5.68737,14.0343,0.751841,0.562218,-0.562218,0.428848,-0.428848
54000000000,-5.62404,13.8777,0.751841,-0.134991,0.134991,-0.694102,0.694102
55000000000,-5.37071,13.251,0.751841,-0.250582,0.250582,-0.661218,0.661218
56000000000,-5.03071,13.311,0.751841,0.541707,-0.541707,0.454482,-0.454482
57000000000,-4.52071,13.401,0.751841,0.654024,-0.654024,0.268799,-0.268799
58000000000,-4.18737,14.0543,0.751841,0.687525,-0.687525,0.165256,-0.165256
59000000000,-4.19571,14.3927,0.751841,0.686628,-0.686628,-0.168944,0.168944
60000000000,-4.4707,14.9177,0.751841,0.702231,-0.702231,0.0828924,-0.0828924
61000000000,-4.11071,15.451,0.751841,0.676175,-0.676175,0.206852,-0.206852
62000000000,-4.02071,15.5843,0.751841,0.667246,-0.667246,-0.234057,0.234057
63000000000,-4.35404,16.001,0.751841,0.707028,-0.707028,0.0105804,-0.0105804
64000000000,-4.00404,16.3885,0.751841,0.659944,-0.659944,0.253918,-0.253918
65000000000,-3.72487,16.5177,0.751841,0.5,-0.5,0.5,-0.5
66000000000,-3.0582,16.451,0.751841,-0.403505,0.403505,-0.580675,0.580675
67000000000,-2.52071,16.251,0.751841,0.597287,-0.597287,0.378482,-0.378482
68000000000,-1.92071,16.5343,0.751841,0.538165,-0.538165,0.458671,-0.458671
69000000000,-1.39571,16.3093,0.751841,-0.389256,0.389256,-0.590322,0.590322
70000000000,-1.04987,16.3093,0.751841,0.592028,-0.592028,0.386655,-0.386655
71000000000,-0.537372,16.5343,0.751841,-0.411779,0.411779,-0.574837,0.574837
72000000000,-0.490705,16.181,0.751841,-0.0463937,0.0463937,-0.705583,0.705583
73000000000,-0.420705,15.651,0.751841,-0.312877,0.312877,-0.63412,0.63412
74000000000,-0.420705,15.651,0.751841,0.701077,-0.701077,0.0921502,-0.0921502
75000000000,-0.514038,16.3577,0.751841,0.705583,-0.705583,-0.0463937,0.0463937
76000000000,-0.537372,16.5343,0.751841,0.489121,-0.489121,-0.510647,0.510647
77000000000,-1.22071,16.2343,0.751841,0.386655,-0.386655,-0.592028,0.592028
78000000000,-1.57071,16.3843,0.751841,0.590322,-0.590322,-0.389256,0.389256
79000000000,-1.92071,16.5343,0.751841,0.378482,-0.378482,-0.597287,0.597287
80000000000,-2.52071,16.251,0.751841,0.489268,-0.489268,-0.510506,0.510506
81000000000,-3.23737,16.5177,0.751841,0.580675,-0.580675,-0.403505,0.403505
82000000000,-3.88737,16.5177,0.751841,0.5,-0.5,-0.5,0.5
83000000000,-3.88737,16.5177,0.751841,0.70244,-0.70244,0.0811046,-0.0811046
84000000000,-3.70404,17.301,0.751841,0.70244,-0.70244,0.0811046,-0.0811046
85000000000,-3.94571,17.551,0.751841,0.655551,-0.655551,-0.265052,0.265052
86000000000,-4.21737,17.9843,0.751841,0.704783,-0.704783,-0.0572832,0.0572832
87000000000,-4.33737,18.7177,0.751841,0.703827,-0.703827,0.0680254,-0.0680254
88000000000,-3.95737,19.0177,0.751841,0.636326,-0.636326,0.308365,-0.308365
89000000000,-3.53737,19.491,0.751841,0.680771,-0.680771,0.191183,-0.191183
90000000000,-3.28737,19.901,0.751841,0.570022,-0.570022,0.418419,-0.418419
91000000000,-3.04293,19.6621,0.751841,-0.274348,0.274348,-0.651716,0.651716
92000000000,-2.55404,19.1843,0.751841,-0.350769,0.350769,-0.613971,0.613971
93000000000,-2.05404,19.0343,0.751841,-0.488105,0.488105,-0.511618,0.511618
94000000000,-1.38737,19.1677,0.751841,0.546835,-0.546835,0.448298,-0.448298
95000000000,-1.05404,19.2343,0.751841,0.703738,-0.703738,0.0689409,-0.0689409
96000000000,-1.05404,19.2343,0.751841,0.448298,-0.448298,-0.546835,0.546835
97000000000,-1.88737,19.0677,0.751841,0.448298,-0.448298,-0.546835,0.546835
98000000000,-2.38737,19.1343,0.751841,0.567307,-0.567307,-0.422094,0.422094
99000000000,-2.79848,19.4232,0.751841,0.651716,-0.651716,-0.274348,0.274348
100000000000,-3.28737,19.901,0.751841,0.59218,-0.59218,-0.386423,0.386423
101000000000,-3.37071,19.7643,0.751841,0.191183,-0.191183,-0.680771,0.680771
102000000000,-3.70404,19.2177,0.751841,0.308365,-0.308365,-0.636326,0.636326
103000000000,-4.33737,18.7177,0.751841,0.308365,-0.308365,-0.636326,0.636326
104000000000,-4.27737,18.351,0.751841,-0.0572832,0.0572832,-0.704783,0.704783
105000000000,-4.18737,17.801,0.751841,-0.265052,0.265052,-0.655551,0.655551
106000000000,-3.70404,17.301,0.751841,-0.152816,0.152816,-0.690397,0.690397
107000000000,-3.81404,16.831,0.751841,0.0811046,-0.0811046,-0.70244,0.70244
108000000000,-4.00404,16.3885,0.751841,0.253918,-0.253918,-0.659944,0.659944
109000000000,-4.35404,16.001,0.751841,0.0105804,-0.0105804,-0.707028,0.707028
110000000000,-4.02071,15.5843,0.751841,-0.234057,0.234057,-0.667246,0.667246
111000000000,-4.11071,15.451,0.751841,0.206852,-0.206852,-0.676175,0.676175
112000000000,-4.4707,14.9177,0.751841,0.0828924,-0.0828924,-0.702231,0.702231
113000000000,-4.19571,14.3927,0.751841,-0.168944,0.168944,-0.686628,0.686628
114000000000,-4.18737,14.0543,0.751841,0.165256,-0.165256,-0.687525,0.687525
115000000000,-4.52071,13.401,0.751841,0.268799,-0.268799,-0.654024,0.654024
116000000000,-5.03071,13.311,0.751841,0.454482,-0.454482,-0.541707,0.541707
117000000000,-5.47404,13.101,0.751841,0.210055,-0.210055,-0.675187,0.675187
118000000000,-5.88737,12.501,0.751841,0.0959592,-0.0959592,-0.700565,0.700565
119000000000,-5.74154,12.4177,0.751841,-0.354916,0.354916,-0.611584,0.611584
120000000000,-5.14404,12.141,0.751841,-0.457056,0.457056,-0.539537,0.539537
121000000000,-4.50404,12.0343,0.751841,-0.367479,0.367479,-0.604119,0.604119
122000000000,-4.44848,11.6788,0.751841,-0.0547448,0.0547448,-0.704984,0.704984
123000000000,-4.15404,10.9677,0.751841,-0.16246,0.16246,-0.688191,0.688191
124000000000,-4.03737,10.4177,0.751841,0.0553105,-0.0553105,-0.70494,0.70494
125000000000,-4.13737,9.78435,0.751841,-0.0619916,0.0619916,-0.704384,0.704384
126000000000,-3.94987,9.77185,0.751841,-0.483084,0.483084,-0.516362,0.516362
127000000000,-3.38737,9.73435,0.751841,-0.278778,0.278778,-0.649833,0.649833
128000000000,-3.13737,9.23435,0.751841,-0.293598,0.293598,-0.643273,0.643273
129000000000,-3.13737,9.23435,0.751841,0.697976,-0.697976,0.113266,-0.113266
130000000000,-3.38737,9.73435,0.751841,0.688191,-0.688191,-0.16246,0.16246
131000000000,-3.21237,9.82185,0.751841,0.601501,-0.601501,0.371748,-0.371748
132000000000,-2.68737,10.0843,0.751841,-0.434607,0.434607,-0.557779,0.557779
133000000000,-2.3707,9.63435,0.751841,-0.213421,0.213421,-0.67413,0.67413
134000000000,-2.12626,8.93435,0.751841,-0.118225,0.118225,-0.697153,0.697153
135000000000,-1.98182,8.25101,0.751841,0.0235311,-0.0235311,0.706715,-0.706715
136000000000,-2.0082,7.59685,0.751841,0.0271363,-0.0271363,-0.706586,0.706586
137000000000,-2.18737,7.37879,0.751841,0.413453,-0.413453,-0.573635,0.573635
138000000000,-2.6207,7.12601,0.751841,0.213911,-0.213911,-0.673975,0.673975
139000000000,-2.9207,6.70101,0.751841,0.0131951,-0.0131951,0.706984,-0.706984
140000000000,-2.59848,6.50101,0.751841,-0.343743,0.343743,-0.617933,0.617933
141000000000,-2.43737,6.40101,0.751841,0.104095,-0.104095,-0.699403,0.699403
142000000000,-2.8207,5.86768,0.751841,0.216786,-0.216786,-0.673056,0.673056
143000000000,-3.1407,5.86768,0.751841,0.5,-0.5,-0.5,0.5
144000000000,-3.6207,5.86768,0.751841,0.604981,-0.604981,-0.366058,0.366058
145000000000,-4.32071,6.23435,0.751841,0.662088,-0.662088,-0.248273,0.248273
146000000000,-4.19571,6.53435,0.751841,0.693375,-0.693375,0.138675,-0.138675
147000000000,-4.14293,7.01768,0.751841,0.694696,-0.694696,-0.131901,0.131901
148000000000,-4.28737,7.38435,0.751841,0.540539,-0.540539,-0.45587,0.45587
149000000000,-4.74737,7.12435,0.751841,0.356351,-0.356351,-0.610749,0.610749
150000000000,-5.31404,6.67101,0.751841,0.25846,-0.25846,-0.658178,0.658178
151000000000,-5.70404,6.25101,0.751841,-0.0130878,0.0130878,-0.706986,0.706986
152000000000,-5.70404,6.25101,0.751841,0.595108,-0.595108,0.381898,-0.381898
153000000000,-5.18404,6.81101,0.751841,0.658178,-0.658178,0.25846,-0.25846
154000000000,-4.59404,7.21101,0.751841,0.610749,-0.610749,0.356351,-0.356351
155000000000,-4.28737,7.38435,0.751841,-0.357241,0.357241,-0.610229,0.610229
156000000000,-4.07071,6.83435,0.751841,-0.131901,0.131901,-0.694696,0.694696
157000000000,-4.25821,6.38435,0.751841,0.138675,-0.138675,-0.693375,0.693375
158000000000,-4.32071,6.23435,0.751841,-0.366058,0.366058,-0.604981,0.604981
159000000000,-3.6207,5.86768,0.751841,-0.264702,0.264702,-0.655693,0.655693
160000000000,-3.7082,5.71351,0.751841,0.180495,-0.180495,-0.683682,0.683682
161000000000,-3.97071,5.25101,0.751841,0.35446,-0.35446,-0.611848,0.611848
162000000000,-4.69071,5.06435,0.751841,0.432735,-0.432735,-0.559232,0.559232
163000000000,-5.33321,5.03018,0.751841,0.506709,-0.506709,-0.4932,0.4932
164000000000,-5.48737,5.03435,0.751841,0.0608032,-0.0608032,-0.704488,0.704488
165000000000,-5.6207,4.26768,0.751841,-0.0264326,0.0264326,-0.706613,0.706613
166000000000,-5.42071,3.66768,0.751841,-0.113266,0.113266,-0.697976,0.697976
167000000000,-5.27071,3.23435,0.751841,-0.251138,0.251138,-0.661007,0.661007
168000000000,-4.70404,3.20101,0.751841,-0.485097,0.485097,-0.514471,0.514471
169000000000,-4.13737,3.16768,0.751841,-0.251292,0.251292,-0.660948,0.660948
170000000000,-4.13737,3.16768,0.751841,0.409948,-0.409948,-0.576145,0.576145
171000000000,-4.89293,3.21212,0.751841,0.514471,-0.514471,-0.485097,0.485097
172000000000,-5.27071,3.23435,0.751841,0.697314,-0.697314,-0.117275,0.117275
173000000000,-5.42071,3.66768,0.751841,0.611248,-0.611248,-0.355494,0.355494
174000000000,-5.98737,3.55101,0.751841,0.446751,-0.446751,-0.5481,0.5481
175000000000,-6.01404,3.38768,0.751841,0.0571559,-0.0571559,-0.704793,0.704793
176000000000,-6.12071,2.73435,0.751841,-0.0635022,0.0635022,-0.70425,0.70425
177000000000,-5.98737,2.00101,0.751841,0.0563477,-0.0563477,-0.704858,0.704858
178000000000,-6.32904,1.85935,0.751841,0.392742,-0.392742,-0.588008,0.588008
179000000000,-6.75737,1.57101,0.751841,0.186463,-0.186463,-0.682079,0.682079
180000000000,-7.10404,0.984346,0.751841,0.312366,-0.312366,-0.634372,0.634372
181000000000,-7.53737,0.651012,0.751841,0.474472,-0.474472,-0.524286,0.524286
182000000000,-8.20404,0.584345,0.751841,0.567639,-0.567639,-0.421647,0.421647
183000000000,-8.20404,0.584345,0.751841,0.66595,-0.66595,0.23772,-0.23772
184000000000,-7.70404,0.634346,0.751841,0.524286,-0.524286,0.474472,-0.474472
185000000000,-7.24848,0.873235,0.751841,0.634372,-0.634372,0.312366,-0.312366
186000000000,-6.84404,1.42435,0.751841,0.682079,-0.682079,0.186463,-0.186463
187000000000,-6.67071,1.71768,0.751841,0.679369,-0.679369,-0.196107,0.196107
188000000000,-7.20404,2.11768,0.751841,0.632456,-0.632456,-0.316228,0.316228
189000000000,-7.35737,2.38768,0.751841,0.705895,-0.705895,-0.0413806,0.0413806
190000000000,-7.43737,3.06768,0.751841,0.684043,-0.684043,-0.179121,0.179121
191000000000,-7.60404,2.97185,0.751841,0.354094,-0.354094,-0.61206,0.61206
192000000000,-8.27071,2.62768,0.751841,0.411733,-0.411733,-0.57487,0.57487
193000000000,-8.93737,2.40101,0.751841,0.498568,-0.498568,-0.501428,0.501428
194000000000,-9.32487,2.68851,0.751841,0.631634,-0.631634,-0.317865,0.317865
195000000000,-9.45404,2.78435,0.751841,0.301503,-0.301503,-0.639606,0.639606
196000000000,-10.1207,2.23435,0.751841,0.301503,-0.301503,-0.639606,0.639606
197000000000,-10.1207,2.23435,0.751841,0.699319,-0.699319,-0.104655,0.104655
198000000000,-9.85404,2.45435,0.751841,0.639606,-0.639606,0.301503,-0.301503
199000000000,-9.45404,2.78435,0.751841,0.506393,-0.506393,0.493524,-0.493524
200000000000,-9.06654,2.49685,0.751841,-0.317865,0.317865,-0.631634,0.631634
201000000000,-8.7707,2.45768,0.751841,0.57487,-0.57487,0.411733,-0.411733
202000000000,-8.10404,2.68435,0.751841,0.61206,-0.61206,0.354094,-0.354094
203000000000,-7.43737,3.06768,0.751841,0.530658,-0.530658,0.467335,-0.467335
204000000000,-7.41737,2.89768,0.751841,-0.0413806,0.0413806,-0.705895,0.705895
205000000000,-7.33737,2.21768,0.751841,-0.136032,0.136032,-0.693899,0.693899
206000000000,-6.93737,1.91768,0.751841,-0.316228,0.316228,-0.632456,0.632456
207000000000,-6.44848,1.4399,0.751841,-0.234057,0.234057,-0.667246,0.667246
208000000000,-6.00404,0.884346,0.751841,-0.196066,0.196066,-0.679381,0.679381
209000000000,-5.7207,0.434346,0.751841,-0.385024,0.385024,-0.59309,0.59309
210000000000,-5.05404,0.351013,0.751841,-0.467965,0.467965,-0.530103,0.530103
211000000000,-4.4007,0.511013,0.751841,0.556298,-0.556298,0.436501,-0.436501
212000000000,-3.77487,0.551013,0.751841,-0.5,0.5,-0.5,0.5
213000000000,-3.28737,0.384346,0.751841,-0.371748,0.371748,-0.601501,0.601501
214000000000,-2.78737,0.134345,0.751841,-0.113266,0.113266,-0.697976,0.697976
215000000000,-2.78737,0.134345,0.751841,0.517419,-0.517419,-0.481952,0.481952
216000000000,-3.45404,0.467679,0.751841,0.601501,-0.601501,-0.371748,0.371748
217000000000,-3.92904,0.551013,0.751841,-0.5,0.5,0.5,-0.5
218000000000,-4.56404,0.471013,0.751841,0.436501,-0.436501,-0.556298,0.556298
219000000000,-5.22071,0.371846,0.751841,0.530103,-0.530103,-0.467965,0.467965
220000000000,-5.7207,0.434346,0.751841,0.643212,-0.643212,-0.293731,0.293731
221000000000,-6.00404,0.884346,0.751841,0.667246,-0.667246,-0.234057,0.234057
222000000000,-6.55959,1.57879,0.751841,0.667246,-0.667246,-0.234057,0.234057
223000000000,-6.67071,1.71768,0.751841,0.650287,-0.650287,0.277717,-0.277717
224000000000,-5.98737,2.00101,0.751841,0.588008,-0.588008,0.392742,-0.392742
225000000000,-6.0207,2.18435,0.751841,0.70425,-0.70425,-0.0635022,0.0635022
226000000000,-6.09404,2.89768,0.751841,0.704793,-0.704793,0.0571559,-0.0571559
227000000000,-5.98737,3.55101,0.751841,0.688218,-0.688218,0.162346,-0.162346
228000000000,-5.60959,3.62879,0.751841,0.5481,-0.5481,0.446751,-0.446751
229000000000,-5.42071,3.66768,0.751841,0.707084,-0.707084,0.00570978,-0.00570978
230000000000,-5.6207,4.26768,0.751841,0.697976,-0.697976,-0.113266,0.113266
231000000000,-5.52071,4.84268,0.751841,0.704488,-0.704488,0.0608032,-0.0608032
232000000000,-5.48737,5.03435,0.751841,-0.4932,0.4932,-0.506709,0.506709
233000000000,-4.87071,5.01768,0.751841,0.559232,-0.559232,0.432735,-0.432735
234000000000,-3.97071,5.25101,0.751841,0.559232,-0.559232,0.432735,-0.432735
235000000000,-3.79571,5.55935,0.751841,0.683682,-0.683682,0.180495,-0.180495
236000000000,-3.6207,5.86768,0.751841,-0.5,0.5,-0.5,0.5
237000000000,-2.8207,5.86768,0.751841,-0.5,0.5,-0.5,0.5
238000000000,-2.62904,6.13435,0.751841,0.673056,-0.673056,0.216786,-0.216786
239000000000,-2.43737,6.40101,0.751841,-0.492994,0.492994,-0.50691,0.50691
240000000000,-1.98737,6.03851,0.751841,-0.305234,0.305234,-0.637834,0.637834
241000000000,-1.83737,5.91768,0.751841,0.179598,-0.179598,-0.683919,0.683919
242000000000,-2.20404,5.26768,0.751841,0.166367,-0.166367,-0.687257,0.687257
243000000000,-2.50404,4.68435,0.751841,0.0501317,-0.0501317,-0.705327,0.705327
244000000000,-2.3707,3.99546,0.751841,-0.0674911,0.0674911,-0.703879,0.703879
245000000000,-2.30404,3.65101,0.751841,0.334937,-0.334937,-0.62275,0.62275
246000000000,-2.30404,3.65101,0.751841,0.703879,-0.703879,-0.0674911,0.0674911
247000000000,-2.4707,4.51212,0.751841,0.703879,-0.703879,-0.0674911,0.0674911
248000000000,-2.35404,4.97601,0.751841,0.687257,-0.687257,0.166367,-0.166367
249000000000,-2.0207,5.59268,0.751841,0.683919,-0.683919,0.179598,-0.179598
250000000000,-1.83737,5.91768,0.751841,0.681384,-0.681384,-0.188985,0.188985
251000000000,-2.43737,6.40101,0.751841,0.637834,-0.637834,-0.305234,0.305234
252000000000,-2.9207,6.70101,0.751841,0.665523,-0.665523,-0.238911,0.238911
253000000000,-2.8207,6.84268,0.751841,0.673975,-0.673975,0.213911,-0.213911
254000000000,-2.5207,7.26768,0.751841,0.573635,-0.573635,0.413453,-0.413453
255000000000,-2.0207,7.43435,0.751841,0.687874,-0.687874,0.163795,-0.163795
256000000000,-1.9707,8.08435,0.751841,0.706586,-0.706586,0.0271363,-0.0271363
257000000000,-1.9707,8.08435,0.751841,-0.378482,0.378482,-0.597287,0.597287
258000000000,-1.3707,7.80101,0.618507,-0.474632,0.474632,-0.524142,0.524142
259000000000,-1.13737,8.11212,0.574063,0.67082,-0.67082,0.223607,-0.223607
260000000000,-1.02071,8.26768,0.551841,0.632456,-0.632456,-0.316228,0.316228
261000000000,-1.13737,8.11212,0.574063,0.223607,-0.223607,-0.67082,0.67082
262000000000,-1.3707,7.80101,0.618507,0.524142,-0.524142,-0.474632,0.474632
263000000000,-1.9707,8.08435,0.751841,0.597287,-0.597287,-0.378482,0.378482
264000000000,-1.99293,8.41768,0.751841,0.706715,-0.706715,-0.0235311,0.0235311
265000000000,-2.18737,9.10935,0.751841,0.697153,-0.697153,-0.118225,0.118225
266000000000,-2.47626,9.78435,0.751841,0.67413,-0.67413,-0.213421,0.213421
267000000000,-2.68737,10.0843,0.751841,0.472195,-0.472195,-0.526338,0.526338
268000000000,-3.38737,9.73435,0.751841,0.371748,-0.371748,-0.601501,0.601501
269000000000,-3.94987,9.77185,0.751841,0.516362,-0.516362,-0.483084,0.483084
270000000000,-4.68737,9.70435,0.751841,0.462618,-0.462618,-0.534776,0.534776
271000000000,-5.2107,9.75768,0.751841,0.625058,-0.625058,-0.330609,0.330609
272000000000,-5.83737,10.1843,0.751841,0.601501,-0.601501,-0.371748,0.371748
273000000000,-6.60404,10.5677,0.751841,0.601501,-0.601501,-0.371748,0.371748
274000000000,-6.83737,10.461,0.538507,0.382178,-0.382178,-0.594928,0.594928
275000000000,-7.18737,10.301,0.218507,0.125417,-0.125417,-0.695895,0.695895
276000000000,-7.18737,10.301,0.218507,0.508938,-0.508938,0.4909,-0.4909
277000000000,-6.7207,10.5143,0.645174,0.594928,-0.594928,0.382178,-0.382178
278000000000,-6.4507,10.491,0.751841,-0.371748,0.371748,-0.601501,0.601501
279000000000,-5.83737,10.1843,0.751841,-0.330609,0.330609,-0.625058,0.625058
280000000000,-5.05404,9.65101,0.751841,-0.330609,0.330609,-0.625058,0.625058
281000000000,-5.05404,9.65101,0.751841,0.315106,-0.315106,-0.633015,0.633015
282000000000,-5.80404,9.08435,0.751841,0.315106,-0.315106,-0.633015,0.633015
283000000000,-6.13737,9.22324,0.751841,0.588348,-0.588348,-0.392232,0.392232
284000000000,-6.80404,9.50101,0.751841,0.512177,-0.512177,-0.487519,0.487519
285000000000,-6.84451,9.33435,0.751841,0.0840331,-0.0840331,-0.702096,0.702096
286000000000,-7.0469,8.50101,0.751841,0.0840331,-0.0840331,-0.702096,0.702096
287000000000,-7.0007,8.00768,0.751841,-0.091431,0.091431,-0.701171,0.701171
288000000000,-6.8707,7.51768,0.751841,0.186264,-0.186264,-0.682133,0.682133
289000000000,-7.25404,7.57601,0.751841,0.536293,-0.536293,-0.460857,0.460857
290000000000,-8.00404,7.70101,0.751841,0.542882,-0.542882,-0.453077,0.453077
291000000000,-8.55404,7.80101,0.751841,0.663209,-0.663209,-0.245263,0.245263
292000000000,-8.80404,8.45101,0.751841,0.695224,-0.695224,-0.129088,0.129088
293000000000,-8.80404,8.45101,0.751841,0.278913,-0.278913,-0.649775,0.649775
294000000000,-8.67904,8.12601,0.751841,-0.129088,0.129088,-0.695224,0.695224
295000000000,-8.55404,7.80101,0.751841,0.27393,-0.27393,-0.651892,0.651892
296000000000,-9.10404,7.80101,0.751841,0.5,-0.5,-0.5,0.5
297000000000,-9.59404,8.05101,0.751841,0.603007,-0.603007,-0.3693,0.3693
298000000000,-10.0082,8.39268,0.751841,0.688191,-0.688191,-0.16246,0.16246
299000000000,-10.2707,8.91768,0.751841,0.7036,-0.7036,0.070333,-0.070333
300000000000,-9.92071,9.21768,0.801841,0.642416,-0.642416,0.295469,-0.295469
301000000000,-9.80404,9.31768,0.818507,0.671598,-0.671598,-0.22126,0.22126
302000000000,-10.1596,9.87879,1.04073,0.693986,-0.693986,-0.135585,0.135585
303000000000,-10.304,10.2343,1.08517,0.666603,-0.666603,0.235882,-0.235882
304000000000,-9.75404,10.3343,1.23517,0.542882,-0.542882,0.453077,-0.453077
305000000000,-9.18737,10.5177,1.61851,0.584038,-0.584038,0.398623,-0.398623
306000000000,-8.95404,10.3288,1.84073,-0.304467,0.304467,-0.6382,0.6382
307000000000,-8.55737,10.201,2.16517,-0.469518,0.469518,-0.528728,0.528728
308000000000,-8.13737,10.151,2.48517,0.620293,-0.620293,0.339465,-0.339465
309000000000,-7.72071,10.4177,2.81851,-0.457056,0.457056,-0.539537,0.539537
310000000000,-7.22071,10.3343,3.28517,-0.486319,0.486319,-0.513316,0.513316
311000000000,-6.60404,10.301,3.75184,0.536609,-0.536609,0.46049,-0.46049
312000000000,-5.93737,10.551,3.75184,0.581189,-0.581189,0.402764,-0.402764
313000000000,-5.58737,10.9677,3.75184,0.664399,-0.664399,0.24202,-0.24202
314000000000,-5.69848,11.3177,3.75184,0.698771,-0.698771,-0.108254,0.108254
315000000000,-5.92071,12.0177,3.75184,0.706897,-0.706897,0.017233,-0.017233
316000000000,-5.64071,12.671,3.75184,0.692666,-0.692666,0.142175,-0.142175
317000000000,-5.40642,13.3343,3.75184,0.698218,-0.698218,0.111768,-0.111768
318000000000,-5.18737,14.001,3.75184,0.671026,-0.671026,0.222988,-0.222988
319000000000,-4.80404,13.9843,3.75184,-0.48902,0.48902,-0.510744,0.510744
320000000000,-4.09737,13.8777,3.75184,-0.46118,0.46118,-0.536016,0.536016
321000000000,-3.92071,13.851,3.75184,0.692034,-0.692034,0.145221,-0.145221
322000000000,-3.6207,14.5343,3.75184,0.659758,-0.659758,0.2544,-0.2544
323000000000,-3.4707,14.461,3.75184,-0.374429,0.374429,-0.599835,0.599835
324000000000,-2.8707,14.1677,3.75184,-0.275845,0.275845,-0.651083,0.651083
325000000000,-2.5707,13.601,3.75184,-0.17045,0.17045,-0.686256,0.686256
326000000000,-2.67737,13.2877,3.75184,0.115488,-0.115488,-0.697612,0.697612
327000000000,-2.83737,12.8177,3.75184,-0.0313344,0.0313344,-0.706412,0.706412
328000000000,-2.7707,12.0677,3.75184,-0.168546,0.168546,-0.686726,0.686726
329000000000,-2.7707,12.0677,3.75184,0.664631,-0.664631,0.241383,-0.241383
330000000000,-2.8207,12.6302,3.75184,0.706412,-0.706412,-0.0313344,0.0313344
331000000000,-2.7307,13.131,3.75184,0.697612,-0.697612,0.115488,-0.115488
332000000000,-2.5707,13.601,3.75184,0.703016,-0.703016,-0.0759473,0.0759473
333000000000,-2.8707,14.1677,3.75184,0.686256,-0.686256,-0.17045,0.17045
334000000000,-2.8707,14.1677,3.75184,0.525782,-0.525782,0.472814,-0.472814
335000000000,-2.08737,14.251,3.75184,0.582069,-0.582069,0.401492,-0.401492
336000000000,-1.25404,14.5677,3.75184,0.582069,-0.582069,0.401492,-0.401492
337000000000,-1.18321,14.4302,3.75184,-0.166602,0.166602,-0.6872,0.6872
338000000000,-0.970705,14.0177,3.75184,-0.397969,0.397969,-0.584483,0.584483
339000000000,-0.483205,14.1927,3.75184,0.57833,-0.57833,0.406859,-0.406859
340000000000,-0.320705,14.251,3.75184,-0.20768,0.20768,-0.675921,0.675921
341000000000,-0.00403825,13.7843,3.75184,-0.0553105,0.0553105,-0.70494,0.70494
342000000000,0.0959617,13.151,3.75184,0.0832793,-0.0832793,-0.702186,0.702186
343000000000,0.0959617,13.151,3.75184,0.630113,-0.630113,-0.320869,0.320869
344000000000,0.0209617,13.626,3.75184,0.70494,-0.70494,-0.0553105,0.0553105
345000000000,-0.215149,14.0955,3.75184,0.675921,-0.675921,-0.20768,0.20768
346000000000,-0.320705,14.251,3.75184,0.406859,-0.406859,-0.57833,0.57833
347000000000,-0.970705,14.0177,3.75184,0.503808,-0.503808,-0.496163,0.496163
348000000000,-1.11237,14.2927,3.75184,0.6872,-0.6872,-0.166602,0.166602
349000000000,-1.25404,14.5677,3.75184,0.675715,-0.675715,0.208348,-0.208348
350000000000,-0.687372,14.9677,3.75184,0.62783,-0.62783,0.325314,-0.325314
351000000000,-0.670705,15.2927,3.75184,0.706875,-0.706875,0.0181131,-0.0181131
352000000000,-0.733205,15.7552,3.75184,0.683122,-0.683122,-0.182604,0.182604
353000000000,-0.970705,16.1677,3.75184,0.703172,-0.703172,0.0744943,-0.0744943
354000000000,-0.770705,17.101,3.75184,0.703172,-0.703172,0.0744943,-0.0744943
355000000000,-0.704038,17.7177,3.75184,0.706082,-0.706082,0.0380557,-0.0380557
356000000000,-0.704038,17.7177,3.75184,0.42392,-0.42392,-0.565943,0.565943
357000000000,-0.737372,17.4093,3.75184,0.0380557,-0.0380557,-0.706082,0.706082
358000000000,-0.850705,16.7277,3.75184,0.0744943,-0.0744943,-0.703172,0.703172
359000000000,-0.970705,16.1677,3.75184,-0.182604,0.182604,-0.683122,0.683122
360000000000,-0.654038,15.6177,3.75184,-0.0830987,0.0830987,-0.702207,0.702207
361000000000,-0.687372,14.9677,3.75184,-0.0181131,0.0181131,0.706875,-0.706875
362000000000,-0.970705,14.7677,3.75184,0.325314,-0.325314,-0.62783,0.62783
363000000000,-1.58737,14.441,3.75184,0.401492,-0.401492,-0.582069,0.582069
364000000000,-2.2832,14.2302,3.75184,0.472814,-0.472814,-0.525782,0.525782
365000000000,-2.8707,14.1677,3.75184,0.599835,-0.599835,-0.374429,0.374429
366000000000,-3.6207,14.5343,3.75184,0.599835,-0.599835,-0.374429,0.374429
367000000000,-3.6207,14.5343,3.75184,0.145221,-0.145221,-0.692034,0.692034
368000000000,-3.92071,13.851,3.75184,0.255839,-0.255839,-0.659201,0.659201
369000000000,-4.27404,13.9043,3.75184,0.536016,-0.536016,-0.46118,0.46118
370000000000,-4.9957,13.9927,3.75184,0.510744,-0.510744,-0.48902,0.48902
371000000000,-5.73737,14.126,3.75184,0.552635,-0.552635,-0.441129,0.441129
372000000000,-6.42071,14.1843,3.75184,0.508261,-0.508261,-0.491601,0.491601
373000000000,-6.8707,14.151,3.75184,0.385277,-0.385277,-0.592926,0.592926
374000000000,-7.12071,13.651,3.75184,0.16246,-0.16246,-0.688191,0.688191
375000000000,-7.28737,13.0677,3.75184,0.0980766,-0.0980766,-0.700272,0.700272
376000000000,-7.28737,13.0677,3.75184,0.636743,-0.636743,-0.307503,0.307503
377000000000,-7.20404,13.3593,3.75184,0.700272,-0.700272,0.0980766,-0.0980766
378000000000,-6.95404,13.9843,3.75184,0.688191,-0.688191,0.16246,-0.16246
379000000000,-6.8707,14.151,3.75184,0.627189,-0.627189,-0.326549,0.326549
380000000000,-7.37071,14.501,3.75184,0.616961,-0.616961,-0.345484,0.345484
381000000000,-7.88737,14.8177,3.75184,0.550991,-0.550991,-0.443181,0.443181
382000000000,-8.1457,14.5593,3.75184,0.270598,-0.270598,-0.653282,0.653282
383000000000,-8.70959,14.1121,3.75184,0.344303,-0.344303,-0.617621,0.617621
384000000000,-9.3207,13.7343,3.75184,0.43003,-0.43003,-0.561315,0.561315
385000000000,-9.93737,13.751,3.75184,0.506709,-0.506709,-0.4932,0.4932
386000000000,-9.93737,13.751,3.75184,-0.128568,0.128568,-0.69532,0.69532
387000000000,-9.62904,13.7427,3.75184,-0.4932,0.4932,-0.506709,0.506709
388000000000,-9.16793,13.8288,3.75184,0.617621,-0.617621,0.344303,-0.344303
389000000000,-8.40404,14.301,3.75184,0.617621,-0.617621,0.344303,-0.344303
390000000000,-7.88737,14.8177,3.75184,0.653282,-0.653282,0.270598,-0.270598
391000000000,-7.75821,14.7385,3.75184,-0.345484,0.345484,-0.616961,0.616961
392000000000,-7.37071,14.501,3.75184,0.534686,-0.534686,0.462721,-0.462721
393000000000,-7.22626,14.8566,3.75184,0.693986,-0.693986,0.135585,-0.135585
394000000000,-7.22071,15.3593,3.75184,0.703492,-0.703492,-0.0714097,0.0714097
395000000000,-7.35404,16.026,3.75184,0.703827,-0.703827,-0.0680247,0.0680247
396000000000,-7.47904,16.701,3.75184,0.704456,-0.704456,-0.0611747,0.0611747
397000000000,-7.53737,17.0343,3.75184,0.611584,-0.611584,-0.354916,0.354916
398000000000,-8.1207,17.3677,3.75184,0.60911,-0.60911,-0.359144,0.359144
399000000000,-8.90404,17.801,3.75184,0.60911,-0.60911,-0.359144,0.359144
400000000000,-9.48071,18.001,3.88517,0.576124,-0.576124,-0.409978,0.409978
401000000000,-9.48071,18.001,3.88517,-0.0208068,0.0208068,-0.706801,0.706801
402000000000,-9.19237,17.901,3.81851,-0.409978,0.409978,-0.576124,0.576124
403000000000,-8.59071,17.6277,3.75184,-0.359144,0.359144,-0.60911,0.60911
404000000000,-7.97487,17.2843,3.75184,-0.354916,0.354916,-0.611584,0.611584
405000000000,-7.53737,17.0343,3.75184,-0.163285,0.163285,-0.687996,0.687996
406000000000,-7.42071,16.3677,3.75184,-0.0611747,0.0611747,-0.704456,0.704456
407000000000,-7.28737,15.6843,3.75184,-0.0680247,0.0680247,-0.703827,0.703827
408000000000,-7.15404,15.0343,3.75184,-0.0714097,0.0714097,-0.703492,0.703492
409000000000,-7.37071,14.501,3.75184,0.135585,-0.135585,-0.693986,0.693986
410000000000,-7.24571,14.4135,3.75184,-0.326549,0.326549,-0.627189,0.627189
411000000000,-6.8707,14.151,3.75184,0.518139,-0.518139,0.481178,-0.481178
412000000000,-6.25404,14.1788,3.75184,-0.491601,0.491601,-0.508261,0.508261
413000000000,-5.92071,14.1677,3.75184,0.667224,-0.667224,0.234121,-0.234121
414000000000,-5.70404,14.7343,3.75184,0.695351,-0.695351,0.128402,-0.128402
415000000000,-5.75404,15.2677,3.75184,0.706335,-0.706335,-0.0330369,0.0330369
416000000000,-5.84987,15.9843,3.75184,0.701809,-0.701809,-0.0863967,0.0863967
417000000000,-5.98737,16.5343,3.75184,0.692438,-0.692438,0.143281,-0.143281
418000000000,-5.62737,16.601,3.75184,0.54362,-0.54362,0.452192,-0.452192
419000000000,-4.92626,16.7649,3.76295,0.584941,-0.584941,0.397295,-0.397295
420000000000,-4.1207,17.0843,3.81851,0.584941,-0.584941,0.397295,-0.397295
421000000000,-4.1457,17.2538,3.81851,0.705211,-0.705211,-0.0517436,0.0517436
422000000000,-4.2707,18.101,3.81851,0.705211,-0.705211,-0.0517436,0.0517436
423000000000,-4.5607,18.491,3.77851,0.671279,-0.671279,-0.222226,0.222226
424000000000,-4.9207,18.801,3.75184,0.567307,-0.567307,-0.422094,0.422094
425000000000,-5.75404,19.051,3.75184,0.567307,-0.567307,-0.422094,0.422094
426000000000,-5.83737,19.3593,3.75184,0.700957,-0.700957,-0.0930545,0.0930545
427000000000,-5.92071,19.6677,3.75184,0.536966,-0.536966,-0.460074,0.460074
428000000000,-6.34571,19.3677,3.75184,0.325314,-0.325314,-0.62783,0.62783
429000000000,-7.01237,19.0427,3.75184,0.389256,-0.389256,-0.590322,0.590322
430000000000,-7.18737,18.9677,3.75184,0.688353,-0.688353,-0.161773,0.161773
431000000000,-7.24071,19.6077,3.75184,0.706496,-0.706496,-0.0293864,0.0293864
432000000000,-7.25404,19.7677,3.75184,0.507516,-0.507516,-0.49237,0.49237
433000000000,-7.80404,19.7843,3.75184,0.597899,-0.597899,-0.377514,0.377514
434000000000,-8.50404,20.1177,3.75184,0.53406,-0.53406,-0.463443,0.463443
435000000000,-8.7457,19.8843,3.75184,0.276318,-0.276318,-0.650883,0.650883
436000000000,-9.27904,19.526,3.75184,0.389256,-0.389256,-0.590322,0.590322
437000000000,-9.57071,19.401,3.75184,0.65162,-0.65162,-0.274576,0.274576
438000000000,-9.57071,19.401,3.75184,0.590322,-0.590322,0.389256,-0.389256
439000000000,-8.98737,19.651,3.75184,0.650883,-0.650883,0.276318,-0.276318
440000000000,-8.50404,20.1177,3.75184,0.684849,-0.684849,0.176015,-0.176015
441000000000,-8.55404,20.6343,3.75184,0.706284,-0.706284,-0.0340957,0.0340957
442000000000,-8.55404,20.6343,3.75184,0.364041,-0.364041,-0.606196,0.606196
443000000000,-8.5207,20.2899,3.75184,-0.0340957,0.0340957,-0.706284,0.706284
444000000000,-8.32904,20.0343,3.75184,-0.377514,0.377514,-0.597899,0.597899
445000000000,-7.80404,19.7843,3.75184,-0.49237,0.49237,-0.507516,0.507516
446000000000,-7.25404,19.7677,3.75184,-0.279205,0.279205,-0.649649,0.649649
447000000000,-7.21404,19.2877,3.75184,-0.0293864,0.0293864,-0.706496,0.706496
448000000000,-7.18737,18.9677,3.75184,-0.404693,0.404693,-0.579848,0.579848
449000000000,-6.66237,19.1927,3.75184,0.590322,-0.590322,0.389256,-0.389256
450000000000,-6.06237,19.5677,3.75184,0.62783,-0.62783,0.325314,-0.325314
451000000000,-5.92071,19.6677,3.75184,-0.225203,0.225203,-0.670286,0.670286
452000000000,-5.75404,19.051,3.75184,-0.0930545,0.0930545,-0.700957,0.700957
453000000000,-5.4207,18.951,3.75184,-0.422094,0.422094,-0.567307,0.567307
454000000000,-4.75404,18.751,3.75184,0.523612,-0.523612,0.475216,-0.475216
455000000000,-4.44404,19.121,3.75184,0.664553,-0.664553,0.241599,-0.241599
456000000000,-4.23737,19.3677,3.75184,0.68678,-0.68678,-0.168324,0.168324
457000000000,-4.23737,19.3677,3.75184,0.241599,-0.241599,-0.664553,0.664553
458000000000,-4.75404,18.751,3.75184,0.241599,-0.241599,-0.664553,0.664553
459000000000,-4.65737,18.621,3.76517,-0.222226,0.222226,-0.671279,0.671279
460000000000,-4.2707,18.101,3.81851,-0.326513,0.326513,-0.627208,0.627208
461000000000,-3.7207,18.1177,3.81851,0.507516,-0.507516,0.492369,-0.492369
462000000000,-3.17071,18.1343,3.81851,0.656381,-0.656381,0.262989,-0.262989
463000000000,-2.9307,18.7477,3.76517,0.694846,-0.694846,0.131108,-0.131108
464000000000,-2.8707,18.901,3.75184,-0.398623,0.398623,-0.584038,0.584038
465000000000,-2.9307,18.7477,3.76517,0.131108,-0.131108,-0.694846,0.694846
466000000000,-3.17071,18.1343,3.81851,-0.0117469,0.0117469,0.707009,-0.707009
467000000000,-2.98182,18.0871,3.84073,-0.435162,0.435162,-0.557345,0.557345
468000000000,-2.60404,17.9927,3.88517,-0.0723082,0.0723082,-0.7034,0.7034
469000000000,-2.47071,17.351,3.88517,0.0445522,-0.0445522,-0.705702,0.705702
470000000000,-2.72071,16.8427,3.95184,0.0404971,-0.0404971,-0.705946,0.705946
471000000000,-2.58737,16.2677,3.81851,-0.0803855,0.0803855,-0.702523,0.702523
472000000000,-2.58737,16.2677,3.81851,0.507296,-0.507296,-0.492596,0.492596
473000000000,-3.15404,16.2843,3.81851,0.280173,-0.280173,-0.649233,0.649233
474000000000,-3.15404,16.2843,3.81851,-0.384162,0.384162,-0.593649,0.593649
475000000000,-2.58737,16.2677,3.81851,0.576609,-0.576609,0.409295,-0.409295
476000000000,-2.62071,16.4114,3.85184,0.702523,-0.702523,-0.0803855,0.0803855
477000000000,-2.72071,16.8427,3.95184,0.688722,-0.688722,0.160195,-0.160195
478000000000,-2.47071,17.351,3.88517,0.7034,-0.7034,-0.0723082,0.0723082
479000000000,-2.60404,17.9927,3.88517,0.67773,-0.67773,-0.201699,0.201699
480000000000,-3.17071,18.1343,3.81851,0.557345,-0.557345,-0.435162,0.435162
481000000000,-3.90404,18.1121,3.81851,0.492369,-0.492369,-0.507516,0.507516
482000000000,-4.2707,18.101,3.81851,0.184621,-0.184621,-0.68258,0.68258
483000000000,-4.1957,17.5927,3.81851,-0.0517436,0.0517436,-0.705211,0.705211
484000000000,-4.1207,17.0843,3.81851,0.182942,-0.182942,-0.683032,0.683032
485000000000,-4.60404,16.8927,3.78517,0.397295,-0.397295,-0.584941,0.584941
486000000000,-5.26737,16.6677,3.75184,0.452192,-0.452192,-0.54362,0.54362
487000000000,-5.98737,16.5343,3.75184,0.357818,-0.357818,-0.609891,0.609891
488000000000,-5.94154,16.351,3.75184,-0.0863967,0.0863967,-0.701809,0.701809
489000000000,-5.78737,15.6232,3.75184,-0.0330369,0.0330369,-0.706335,0.706335
490000000000,-5.70404,14.7343,3.75184,-0.0330369,0.0330369,-0.706335,0.706335
491000000000,-5.86654,14.3093,3.75184,0.128402,-0.128402,-0.695351,0.695351
492000000000,-5.92071,14.1677,3.75184,-0.340498,0.340498,-0.619727,0.619727
493000000000,-5.18737,14.001,3.75184,-0.441129,0.441129,-0.552635,0.552635
494000000000,-5.18737,14.001,3.75184,0.111768,-0.111768,-0.698218,0.698218
495000000000,-5.46118,13.1677,3.75184,0.111768,-0.111768,-0.698218,0.698218
496000000000,-5.71071,12.5077,3.75184,0.142175,-0.142175,-0.692666,0.692666
497000000000,-5.92071,12.0177,3.75184,-0.108254,0.108254,-0.698771,0.698771
498000000000,-5.64293,11.1427,3.75184,-0.108254,0.108254,-0.698771,0.698771
499000000000,-5.70404,10.8288,3.75184,0.24202,-0.24202,-0.664399,0.664399
500000000000,-5.93737,10.551,3.75184,-0.150752,0.150752,-0.69085,0.69085
501000000000,-5.52071,10.151,3.75184,-0.143252,0.143252,-0.692444,0.692444
502000000000,-5.77626,9.89546,3.75184,0.270598,-0.270598,-0.653281,0.653281
503000000000,-5.90404,9.76768,3.75184,-0.150777,0.150777,-0.690845,0.690845
504000000000,-5.53737,8.96768,3.75184,-0.150777,0.150777,-0.690845,0.690845
505000000000,-5.72071,8.63435,3.75184,0.175915,-0.175915,-0.684875,0.684875
506000000000,-5.90071,8.11435,3.75184,-0.00631272,0.00631272,-0.707079,0.707079
507000000000,-5.88737,7.36768,3.75184,-0.105144,0.105144,-0.699246,0.699246
508000000000,-5.62071,6.50101,3.75184,-0.105144,0.105144,-0.699246,0.699246
509000000000,-5.87626,6.26768,3.75184,0.285364,-0.285364,-0.646968,0.646968
510000000000,-5.94737,5.99101,3.75184,-0.119763,0.119763,-0.696891,0.696891
511000000000,-5.7207,5.35101,3.75184,9.85297e-16,1.72646e-16,0.707107,-0.707107
512000000000,-5.7207,4.63435,3.75184,-0.131793,0.131793,-0.694716,0.694716
513000000000,-5.5507,4.68768,3.75184,0.569943,-0.569943,0.418527,-0.418527
514000000000,-4.87071,4.90101,3.75184,-0.498264,0.498264,-0.50173,0.50173
515000000000,-4.4582,4.60101,3.75184,-0.320869,0.320869,-0.630113,0.630113
516000000000,-4.15404,4.18768,3.75184,-0.17112,0.17112,-0.686089,0.686089
517000000000,-3.90404,3.71768,3.75184,-0.414231,0.414231,-0.573073,0.573073
518000000000,-3.3707,3.75101,3.75184,-0.443912,0.443912,-0.550402,0.550402
519000000000,-2.95404,3.35101,3.75184,-0.277249,0.277249,-0.650487,0.650487
520000000000,-2.43404,3.22101,3.75184,-0.435162,0.435162,-0.557346,0.557346
521000000000,-1.75404,2.99268,3.75184,-0.390147,0.390147,-0.589733,0.589733
522000000000,-1.4207,2.85101,3.75184,-0.0278116,0.0278116,-0.70656,0.70656
523000000000,-1.6207,2.16768,3.75184,0.100328,-0.100328,-0.699953,0.699953
524000000000,-1.5457,1.69268,3.75184,-0.0553105,0.0553105,-0.70494,0.70494
525000000000,-1.42071,1.00435,3.75184,-0.0658375,0.0658375,-0.704035,0.704035
526000000000,-1.35404,0.651013,3.75184,0.255377,-0.255377,-0.659381,0.659381
527000000000,-1.78737,0.401013,3.75184,0.268057,-0.268057,-0.654328,0.654328
528000000000,-1.92071,-0.148987,3.75184,0.0838896,-0.0838896,-0.702113,0.702113
529000000000,-2.11654,-0.123987,3.75184,0.530715,-0.530715,-0.467271,0.467271
530000000000,-2.70404,-0.0489871,3.75184,0.415606,-0.415606,-0.572076,0.572076
531000000000,-3.3707,-0.265654,3.75184,0.519227,-0.519227,-0.480003,0.480003
532000000000,-3.3707,-0.265654,3.75184,0.687575,-0.687575,0.165046,-0.165046
533000000000,-2.8707,-0.103154,3.75184,0.572076,-0.572076,0.415606,-0.415606
534000000000,-2.31237,-0.0989873,3.75184,-0.467271,0.467271,-0.530715,0.530715
535000000000,-1.92071,-0.148987,3.75184,0.67523,-0.67523,0.209916,-0.209916
536000000000,-1.78737,0.401013,3.75184,0.684443,-0.684443,0.177588,-0.177588
537000000000,-1.35404,0.651013,3.75184,0.612316,-0.612316,0.353651,-0.353651
538000000000,-0.674038,0.891013,3.75184,0.577239,-0.577239,0.408405,-0.408405
539000000000,-0.504038,0.951013,3.75184,-0.129088,0.129088,-0.695224,0.695224
540000000000,-0.254038,0.301013,3.75184,-0.00902434,0.00902434,0.707049,-0.707049
541000000000,-0.254038,0.301013,3.75184,0.592904,-0.592904,-0.385312,0.385312
542000000000,-0.441538,0.788513,3.75184,0.695224,-0.695224,-0.129088,0.129088
543000000000,-0.504038,0.951013,3.75184,0.408405,-0.408405,-0.577239,0.577239
544000000000,-1.35404,0.651013,3.75184,0.408405,-0.408405,-0.577239,0.577239
545000000000,-1.35404,0.651013,3.75184,0.704035,-0.704035,-0.0658375,0.0658375
546000000000,-1.5207,1.53435,3.75184,0.704035,-0.704035,-0.0658375,0.0658375
547000000000,-1.6207,2.16768,3.75184,0.70494,-0.70494,-0.0553105,0.0553105
548000000000,-1.4707,2.68018,3.75184,0.699953,-0.699953,0.100328,-0.100328
549000000000,-1.2507,2.92768,3.75184,0.59395,-0.59395,0.383697,-0.383697
550000000000,-0.570705,3.23435,3.75184,0.589415,-0.589415,0.390628,-0.390628
551000000000,-0.137372,3.41768,3.75184,-0.395062,0.395062,-0.586452,0.586452
552000000000,-0.137372,3.41768,3.75184,0.268133,-0.268133,-0.654297,0.654297
553000000000,-0.570705,3.23435,3.75184,0.383697,-0.383697,-0.59395,0.59395
554000000000,-1.4207,2.85101,3.75184,0.383697,-0.383697,-0.59395,0.59395
555000000000,-1.75404,2.99268,3.75184,0.589733,-0.589733,-0.390147,0.390147
556000000000,-2.43404,3.22101,3.75184,0.557346,-0.557346,-0.435162,0.435162
557000000000,-2.95404,3.35101,3.75184,0.650487,-0.650487,-0.277249,0.277249
558000000000,-3.3707,3.75101,3.75184,0.550402,-0.550402,-0.443912,0.443912
559000000000,-3.90404,3.71768,3.75184,0.573073,-0.573073,-0.414231,0.414231
560000000000,-4.15404,4.18768,3.75184,0.686089,-0.686089,-0.17112,0.17112
561000000000,-4.4582,4.60101,3.75184,0.630113,-0.630113,-0.320869,0.320869
562000000000,-4.87071,4.90101,3.75184,0.50173,-0.50173,-0.498264,0.498264
563000000000,-5.5507,4.68768,3.75184,0.418527,-0.418527,-0.569943,0.569943
564000000000,-5.7457,4.45935,3.75184,0.0501261,-0.0501261,-0.705328,0.705328
565000000000,-5.8207,3.93435,3.75184,-0.106677,0.106677,-0.699014,0.699014
566000000000,-5.64737,3.23768,3.75184,-0.0144215,0.0144215,-0.70696,0.70696
567000000000,-5.62071,2.58435,3.75184,0.118891,-0.118891,-0.69704,0.69704
568000000000,-5.77904,2.63018,3.75184,0.565256,-0.565256,-0.424836,0.424836
569000000000,-6.41237,2.75101,3.75184,0.473106,-0.473106,-0.52552,0.52552
570000000000,-7.0407,2.61768,3.75184,0.361416,-0.361416,-0.607765,0.607765
571000000000,-7.65404,2.28435,3.75184,0.461123,-0.461123,-0.536065,0.536065
572000000000,-7.70821,2.44268,3.75184,0.697525,-0.697525,-0.116013,0.116013
573000000000,-7.86654,3.06768,3.75184,0.707039,-0.707039,0.00981813,-0.00981813
574000000000,-7.85404,3.51768,3.75184,0.656976,-0.656976,-0.261501,0.261501
575000000000,-7.85404,3.51768,3.75184,0.147566,-0.147566,-0.691538,0.691538
576000000000,-7.87071,2.91768,3.75184,-0.00981813,0.00981813,0.707039,-0.707039
577000000000,-8.25821,2.54268,3.75184,0.275943,-0.275943,-0.651042,0.651042
578000000000,-8.38737,2.41768,3.75184,0.601501,-0.601501,-0.371748,0.371748
579000000000,-8.98321,2.77185,3.80184,0.658774,-0.658774,-0.256938,0.256938
580000000000,-9.33182,3.20101,3.88517,0.686628,-0.686628,-0.168945,0.168945
581000000000,-9.44571,3.60101,3.75184,0.706886,-0.706886,0.0176609,-0.0176609
582000000000,-9.42071,4.10101,3.75184,0.659836,-0.659836,-0.254197,0.254197
583000000000,-9.42071,4.10101,3.75184,0.155228,-0.155228,-0.689858,0.689858
584000000000,-9.45404,3.43435,3.75184,-0.0176609,0.0176609,0.706886,-0.706886
585000000000,-9.2707,3.08435,3.95184,-0.168945,0.168945,-0.686628,0.686628
586000000000,-8.88737,2.66768,3.75184,-0.256938,0.256938,-0.658774,0.658774
587000000000,-8.38737,2.41768,3.75184,-0.257017,0.257017,-0.658743,0.658743
588000000000,-8.51237,2.27185,3.75184,0.245328,-0.245328,-0.663185,0.663185
589000000000,-8.88737,1.83435,3.75184,-0.0202227,0.0202227,0.706818,-0.706818
590000000000,-8.57487,1.37185,3.75184,-0.207009,0.207009,-0.676127,0.676127
591000000000,-8.19071,1.03768,3.75184,-0.338837,0.338837,-0.620636,0.620636
592000000000,-7.77071,0.767679,3.75184,-0.0755374,0.0755374,-0.703061,0.703061
593000000000,-7.77071,0.767679,3.75184,0.542607,-0.542607,-0.453407,0.453407
594000000000,-8.33071,1.12768,3.75184,0.620636,-0.620636,-0.338837,0.338837
595000000000,-8.47071,1.21768,3.75184,0.304468,-0.304468,-0.6382,0.6382
596000000000,-9.17071,0.651013,3.75184,0.304468,-0.304468,-0.6382,0.6382
597000000000,-9.10404,0.542679,3.75184,-0.192575,0.192575,-0.680378,0.680378
598000000000,-9.03737,0.434346,3.75184,0.617271,-0.617271,0.344929,-0.344929
599000000000,-9.10404,0.542679,3.75184,0.680378,-0.680378,-0.192575,0.192575
600000000000,-9.17071,0.651013,3.75184,0.6382,-0.6382,0.304468,-0.304468
601000000000,-8.47071,1.21768,3.75184,0.6382,-0.6382,0.304468,-0.304468
602000000000,-8.57487,1.37185,3.75184,0.676127,-0.676127,-0.207009,0.207009
603000000000,-8.88737,1.83435,3.75184,0.706818,-0.706818,0.0202227,-0.0202227
604000000000,-8.51237,2.27185,3.75184,0.663185,-0.663185,0.245328,-0.245328
605000000000,-7.99987,2.79268,3.75184,0.651042,-0.651042,0.275943,-0.275943
606000000000,-7.87071,2.91768,3.75184,-0.338907,0.338907,-0.620598,0.620598
607000000000,-7.70821,2.44268,3.75184,-0.116013,0.116013,-0.697525,0.697525
608000000000,-7.65404,2.28435,3.75184,0.536065,-0.536065,0.461123,-0.461123
609000000000,-7.0407,2.61768,3.75184,0.607765,-0.607765,0.361416,-0.361416
610000000000,-6.41237,2.75101,3.75184,0.52552,-0.52552,0.473106,-0.473106
611000000000,-5.77904,2.63018,3.75184,-0.424836,0.424836,-0.565256,0.565256
612000000000,-5.62071,2.58435,3.75184,0.090511,-0.090511,-0.70129,0.70129
613000000000,-5.87071,1.63196,3.75184,0.090511,-0.090511,-0.70129,0.70129
614000000000,-5.97071,1.25101,3.75184,0.464873,-0.464873,-0.532816,0.532816
615000000000,-5.97071,1.25101,3.75184,0.70129,-0.70129,0.090511,-0.090511
616000000000,-5.72071,2.20339,3.75184,0.70129,-0.70129,0.090511,-0.090511
617000000000,-5.63404,2.91101,3.75184,0.70696,-0.70696,-0.0144215,0.0144215
618000000000,-5.70959,3.57879,3.75184,0.699014,-0.699014,-0.106677,0.106677
619000000000,-5.7957,4.10935,3.75184,0.705328,-0.705328,0.0501261,-0.0501261
620000000000,-5.7207,4.81351,3.75184,0.707107,-0.707107,-1.05462e-15,-1.91638e-16
621000000000,-5.77737,5.51101,3.75184,0.696891,-0.696891,-0.119763,0.119763
622000000000,-6.00404,6.15101,3.75184,0.706886,-0.706886,0.0176826,-0.0176826
623000000000,-5.62071,6.50101,3.75184,0.646968,-0.646968,0.285364,-0.285364
624000000000,-5.72737,6.84768,3.75184,0.699246,-0.699246,-0.105144,0.105144
625000000000,-5.88737,7.36768,3.75184,0.631289,-0.631289,-0.318551,0.318551
626000000000,-6.39987,7.36768,3.75184,-0.5,0.5,0.5,-0.5
627000000000,-6.66237,7.49268,3.75184,0.672013,-0.672013,-0.219997,0.219997
628000000000,-6.93737,7.86768,3.75184,0.706284,-0.706284,-0.0340953,0.0340953
629000000000,-6.98737,8.38435,3.75184,0.639474,-0.639474,-0.301783,0.301783
630000000000,-6.98737,8.38435,3.75184,0.104349,-0.104349,-0.699365,0.699365
631000000000,-6.93737,7.86768,3.75184,0.0732936,-0.0732936,-0.703298,0.703298
632000000000,-7.28182,7.70101,3.75184,0.375646,-0.375646,-0.599075,0.599075
633000000000,-7.68737,7.30657,3.75184,0.223607,-0.223607,-0.67082,0.67082
634000000000,-7.80404,7.15101,3.75184,0.612398,-0.612398,-0.35351,0.35351
635000000000,-8.21737,7.65768,3.75184,0.66612,-0.66612,-0.237242,0.237242
636000000000,-8.65404,7.81768,3.75184,0.524286,-0.524286,-0.474472,0.474472
637000000000,-9.38737,7.66768,3.75184,0.423625,-0.423625,-0.566164,0.566164
638000000000,-10.054,7.38435,3.75184,0.390147,-0.390147,-0.589733,0.589733
639000000000,-10.1499,7.51351,3.75184,0.671398,-0.671398,-0.221868,0.221868
640000000000,-10.4374,7.90101,3.75184,0.535385,-0.535385,-0.461912,0.461912
641000000000,-10.4374,7.90101,3.75184,-0.0866217,0.0866217,-0.701781,0.701781
642000000000,-10.054,7.38435,3.75184,-0.221868,0.221868,-0.671398,0.671398
643000000000,-9.57071,6.83435,3.75184,-0.249417,0.249417,-0.661658,0.661658
644000000000,-9.57071,6.83435,3.75184,0.396424,-0.396424,-0.585532,0.585532
645000000000,-10.154,6.60101,3.75184,0.503039,-0.503039,-0.496943,0.496943
646000000000,-10.154,6.60101,3.75184,0.692666,-0.692666,0.142175,-0.142175
647000000000,-9.71654,6.77601,3.75184,0.585532,-0.585532,0.396424,-0.396424
648000000000,-9.57071,6.83435,3.75184,0.69699,-0.69699,-0.119184,0.119184
649000000000,-10.054,7.38435,3.75184,0.661658,-0.661658,-0.249417,0.249417
650000000000,-10.054,7.38435,3.75184,0.589733,-0.589733,0.390147,-0.390147
651000000000,-9.38737,7.66768,3.75184,0.566164,-0.566164,0.423625,-0.423625
652000000000,-8.65404,7.81768,3.75184,-0.474472,0.474472,-0.524286,0.524286
653000000000,-8.32071,7.78435,3.75184,0.670639,-0.670639,0.22415,-0.22415
654000000000,-8.34071,8.30435,3.75184,0.706976,-0.706976,-0.0135905,0.0135905
655000000000,-8.34571,8.95935,3.75184,0.707042,-0.707042,0.00955264,-0.00955264
656000000000,-8.33737,9.26768,3.75184,0.582577,-0.582577,0.400754,-0.400754
657000000000,-8.33737,9.26768,3.75184,-0.00955264,0.00955264,0.707042,-0.707042
658000000000,-8.35404,8.65101,3.75184,-0.0135905,0.0135905,-0.706976,0.706976
659000000000,-8.32071,7.78435,3.75184,-0.0135905,0.0135905,-0.706976,0.706976
660000000000,-8.01071,7.40435,3.75184,-0.237242,0.237242,-0.66612,0.66612
661000000000,-7.80404,7.15101,3.75184,0.547816,-0.547816,0.447099,-0.447099
662000000000,-7.45404,7.61768,3.75184,0.67082,-0.67082,0.223607,-0.223607
663000000000,-6.93737,7.86768,3.75184,0.599075,-0.599075,0.375646,-0.375646
664000000000,-6.84571,7.74268,3.75184,-0.219997,0.219997,-0.672013,0.672013
665000000000,-6.5707,7.36768,3.75184,-0.416049,0.416049,-0.571754,0.571754
666000000000,-5.88737,7.36768,3.75184,-0.5,0.5,-0.5,0.5
667000000000,-5.89071,7.55435,3.75184,0.707079,-0.707079,-0.00631272,0.00631272
668000000000,-5.90404,8.30101,3.75184,0.701916,-0.701916,0.0855247,-0.0855247
669000000000,-5.53737,8.96768,3.75184,0.684875,-0.684875,0.175915,-0.175915
670000000000,-5.68404,9.28768,3.75184,0.690845,-0.690845,-0.150777,0.150777
671000000000,-5.90404,9.76768,3.75184,0.704314,-0.704314,0.0627854,-0.0627854
672000000000,-5.52071,10.151,3.75184,0.653281,-0.653281,0.270598,-0.270598
673000000000,-5.65959,10.2843,3.75184,0.650487,-0.650487,-0.277249,0.277249
674000000000,-5.93737,10.551,3.75184,0.402764,-0.402764,-0.581189,0.581189
675000000000,-6.60404,10.301,3.75184,0.46049,-0.46049,-0.536609,0.536609
676000000000,-7.22071,10.3343,3.28517,0.513316,-0.513316,-0.486319,0.486319
677000000000,-7.72071,10.4177,2.81851,0.539537,-0.539537,-0.457056,0.457056
678000000000,-8.13737,10.151,2.48517,0.339465,-0.339465,-0.620293,0.620293
679000000000,-8.55737,10.201,2.16517,0.528728,-0.528728,-0.469518,0.469518
680000000000,-8.95404,10.3288,1.84073,0.6382,-0.6382,-0.304467,0.304467
681000000000,-9.18737,10.5177,1.61851,0.398623,-0.398623,-0.584038,0.584038
682000000000,-9.75404,10.3343,1.23517,0.453077,-0.453077,-0.542882,0.542882
683000000000,-10.304,10.2343,1.08517,0.235882,-0.235882,-0.666603,0.666603
684000000000,-10.1596,9.87879,1.04073,-0.135585,0.135585,-0.693986,0.693986
685000000000,-9.80404,9.31768,0.818507,-0.22126,0.22126,-0.671598,0.671598
686000000000,-9.92071,9.21768,0.801841,0.295469,-0.295469,-0.642416,0.642416
687000000000,-10.2707,8.91768,0.751841,0.070333,-0.070333,-0.7036,0.7036
688000000000,-10.0082,8.39268,0.751841,-0.16246,0.16246,-0.688191,0.688191
689000000000,-10.0429,8.08157,0.751841,0.252958,-0.252958,-0.660312,0.660312
690000000000,-10.654,7.40101,0.751841,0.252958,-0.252958,-0.660312,0.660312
691000000000,-10.654,7.40101,0.751841,-0.333654,0.333654,-0.623438,0.623438
692000000000,-9.95404,6.93435,0.751841,-0.333654,0.333654,-0.623438,0.623438
693000000000,-9.95404,6.93435,0.751841,0.285364,-0.285364,-0.646968,0.646968
694000000000,-10.3374,6.58435,0.751841,0.0661565,-0.0661565,-0.704005,0.704005
695000000000,-10.254,5.96768,0.751841,-0.0474541,0.0474541,-0.705513,0.705513
696000000000,-10.0207,5.41768,0.751841,-0.0938567,0.0938567,-0.70085,0.70085
697000000000,-9.8707,4.86768,0.751841,0.0654368,-0.0654368,-0.704072,0.704072
